Years,Political Composite Value
1989-1990,0.456347657
1990-1991,0.523736776
1991-1992,0.517173996
1992-1993,0.526610945
1993-1994,0.530774699
1994-1995,0.497747521
1995-1996,0.448590169
1996-1997,0.529812528
1997-1998,0.41301673
1998-1999,0.447164302
1999-2000,0.446455298
